year,date,time,location,type,n_imt,n_uhp,rt_imt,rct_imt,ict_imt,lanes_bottle,lanes_closed,vol_affect,ett,cost,period,t7t5,t7t0,t5t0
2018,3/1/18,14:33:27,8200 S I15 NB                                               ,PI Crash,1,4,22.08333334,71.55,72.88333333,6,1,8244,749.32,20130.41,Afternoon Off Peak,0:05,1:20,1:15
2018,3/1/18,15:12:48,10700 S I15 NB                                              ,PD Crash,1,1,15.93333334,29.20000001,79.10000001,5,2,10630,755.07,20284.88,Afternoon Off Peak,0:58,1:30,0:32
2018,3/1/18,17:30:53,14793 S I15 SB                                              ,PI Crash,1,2,10.7,24.11666667,30.76666666,7,2,6877,331.53,8046.62,PM Peak,0:25,0:50,0:25
2018,3/2/18,7:29:18,277023 I15 NB                                               ,PD Crash,1,5,20.41666666,9.699999994,55.58333332,6,1,4371,288.19,6369.82,AM Peak,0:41,0:50,0:09
2018,3/2/18,7:59:07,274983 I15 NB                                               ,PI Crash,2,3,39.23333334,18.88333334,18.88333334,6,2,7295,301.89,6672.63,AM Peak,0:37,1:11,0:34
2018,3/4/18,11:41:15,500 S I15 SB                                                ,PD Crash,1,4,19.6,42.75000001,42.75000001,5,3,1545,45.33,1232.31,Afternoon Off Peak,,0:30,0:44
2018,3/5/18,15:32:37,8900 S I15 NB                                               ,PD Crash,2,4,19.91666667,16.38333334,64.51666667,5,2,8527,2086.15,56044.22,Afternoon Off Peak,0:56,1:13,0:17
2018,3/6/18,9:02:50,3800 S I215E SB                                             ,PI Crash,2,4,7.966666664,56.16666667,58.11666666,3,2,1792,14.64,326.37,AM Peak,,0:55,0:59
2018,3/6/18,16:41:15,376 N I215W NB                                              ,PD Crash,1,1,29.96666666,28.75,130.9333333,3,1,8933,580.07,14868.71,PM Peak,1:35,2:05,0:30
2018,3/7/18,7:31:06,7762 E I80 EB                                               ,PD Crash,2,3,20.28333334,26.9,95.01666668,3,1,2605,46.95,1124.1,AM Peak,0:27,1:00,0:33
2018,3/7/18,8:56:41,277562 I15 NB                                               ,PI Crash,2,4,13.18333333,40.31666666,68.26666667,6,2,6184,483.09,10677.67,AM Peak,0:23,1:05,0:42
2018,3/7/18,9:14:42,281930 I15 NB; MM 282 I15 NB                                ,PI Crash,1,3,12.71666666,16.3,31.15,5,1,4092,52.16,1401.27,Afternoon Off Peak,0:39,0:30,
2018,3/7/18,17:25:07,1400 W I215S WB                                             ,PI Crash,2,7,12.86666667,62.88333333,67.28333334,5,4,6982,530.04,13586.31,PM Peak,,1:25,13:08
2018,3/8/18,16:27:17,900 S I15 SB                                                ,PD Crash,1,3,26.66666667,23.71666666,55.04999999,5,2,6035,175.65,4263.23,PM Peak,0:39,1:05,0:26
2018,3/9/18,9:51:34,9488 S I15 NB                                               ,PD Crash,1,2,13.81666667,48.43333334,68.56666668,5,2,8575,289.7,7782.76,Afternoon Off Peak,0:25,1:15,0:50
2018,3/9/18,16:13:23,1700 S I15 SB                                               ,PD Crash,1,3,11.95,16.41666666,16.41666666,5,2,7560,327.88,7958.03,PM Peak,0:57,1:25,0:28
2018,3/13/18,11:13:41,6400 S I15 NB                                               ,PD Crash,2,4,11.10000001,66.31666667,96.06666667,5,2,8798,386.7,10388.66,Afternoon Off Peak,0:05,1:15,1:10
2018,3/13/18,14:32:03,3300 S I15 SB                                               ,PD Crash,1,2,14.98333333,14.95,32.21666666,4,1,4889,155.73,4233.56,Afternoon Off Peak,0:23,0:40,0:17
2018,3/13/18,17:28:56,271005 I15 SB                                               ,PI Crash,1,3,25.78333334,10.06666667,34.7,6,2,6359,327.45,7947.59,PM Peak,0:31,0:45,0:14
2018,3/13/18,14:47:49,281917 I15 SB; MM 282 I15 SB                                ,PI Crash,2,4,18.98333333,58.18333333,59.04999999,5,2,27602,3228.09,87756.53,Afternoon Off Peak,3:14,4:15,1:01
2018,3/14/18,7:08:27,11100 S I15 NB                                              ,PD Crash,1,2,0.033333331,4.549999995,9.683333334,5,4,6477,321.24,7100.32,AM Peak,0:42,0:50,0:08
2018,3/15/18,12:18:41,7682 E I80 WB                                               ,PI Crash,2,3,7.483333333,64.31666667,81.55,3,2,1662,14.69,411.77,Afternoon Off Peak,0:02,1:07,1:05
2018,3/15/18,16:48:01,4100 S I215E NB                                             ,PD Crash,2,2,30.83333333,81.98333333,87.16666666,3,1,4605,700.07,17944.63,PM Peak,0:15,1:40,1:25
2018,3/16/18,11:34:20,5400 S I15 NB                                               ,PD Crash,1,3,12.03333333,12.66666666,18.88333333,5,2,5532,104.46,2806.31,Afternoon Off Peak,0:28,0:45,0:17
2018,3/20/18,16:36:59,12500 S I15 NB                                              ,PD Crash,1,3,19.83333334,17.01666667,84.68333334,6,2,10807,487.64,12634.98,PM Peak,1:16,1:35,0:19
2018,3/21/18,8:44:13,279002 I15 NB                                               ,PD Crash,2,4,9.049999999,20.78333333,30.48333333,5,2,5861,262.34,5798.46,AM Peak,0:40,1:05,0:25
2018,3/21/18,9:08:23,274983 I15 NB; MM 275 I15 NB                                ,PI Crash,3,3,11.15,34.61666667,50.31666666,6,1,3407,52.92,1226.72,AM Peak,,0:35,0:38
2018,3/21/18,16:05:40,1746 N I15 NB; MM 311 I15 NB                                ,PI Crash,1,2,13.96666666,62.33333333,62.98333334,4,1,10792,2629.85,68140.62,PM Peak,0:17,1:20,1:03
2018,3/26/18,9:27:01,11400 S I15 SB                                              ,PD Crash,2,1,2.916666667,62.98333334,64.43333334,6,1,7337,198.83,5405.25,Afternoon Off Peak,0:05,1:05,1:00
2018,3/26/18,16:30:35,2336 N I15 NB                                               ,PI Crash,2,2,9.700000004,43.41666666,51.51666667,4,3,15160,1638.21,42446.77,PM Peak,1:21,2:05,0:44
2018,3/27/18,7:54:48,280003 I15 NB                                               ,PI Crash,1,3,11.68333333,16.19999999,42.98333333,5,3,11241,1125.86,24884.72,AM Peak,1:24,1:55,0:31
2018,3/27/18,16:18:37,50 S I15 NB                                                 ,PI Crash,1,2,11.05,37.66666667,37.66666667,4,1,12787,423.93,10984.22,PM Peak,0:58,1:37,0:39
2018,3/28/18,12:56:50,5300 S I15 NB                                               ,PI Crash,2,6,4.933333334,91.16666667,99.08333333,5,2,11769,1611,43279.36,Afternoon Off Peak,0:12,1:44,1:32
2018,3/29/18,8:32:33,278101 I15 NB; MM 278 I15 NB                                ,PD Crash,2,5,11.23333334,7.450000002,36.83333334,5,1,5988,166.39,3677.69,AM Peak,0:40,0:55,0:15
2018,3/29/18,14:32:33,2700 S I15 NB                                               ,PD Crash,2,2,12.25,46,46,4,1,8455,272.25,7313.97,Afternoon Off Peak,,0:55,0:56
2018,3/29/18,17:48:02,8000 S I15 SB                                               ,PI Crash,1,3,11.58333334,66.96666667,72.85,4,3,10240,1180.06,28641.43,PM Peak,0:15,1:25,1:10
2018,4/2/18,9:20:28,7200 S I15 NB                                               ,PD Crash,3,4,12.81666667,15.53333333,106.75,5,4,11478,2153.62,57856.79,Afternoon Off Peak,1:34,1:50,0:16
2018,4/3/18,15:10:17,8800 S I15 NB                                               ,PD Crash,1,1,8.1,14.71666667,33.11666667,4,2,9550,2820.27,75766.28,Afternoon Off Peak,1:15,1:30,0:15
2018,4/6/18,12:58:48,10600 S I15 NB                                              ,PI Crash,2,2,16.08333333,11.2,68.36666667,7,2,7343,691.91,18588.09,Afternoon Off Peak,1:00,1:10,0:10
2018,4/10/18,15:48:28,2961 S I15 NB                                               ,PD Crash,1,4,22.51666667,43.16666667,43.16666667,6,2,6307,747.17,19604.49,Afternoon Off Peak,0:18,1:05,0:47
2018,4/10/18,16:41:34,281930 I15 NB                                               ,PD Crash,2,2,14.21666667,10.43333333,61.91666667,7,1,9934,603.58,15639.04,PM Peak,0:53,1:10,0:17
2018,4/10/18,17:21:07,1767 S I215W SB                                             ,PI Crash,2,4,,9.783333333,9.783333333,4,2,1783,39.71,1017.87,PM Peak,0:04,0:15,0:11
2018,4/10/18,16:15:43,7800 S I15 NB                                               ,PD Crash,2,6,25.53333333,43.28333333,124.1833333,6,2,14081,4641.95,120275.06,PM Peak,0:56,1:40,0:44
2018,4/10/18,17:24:03,3300 S I15 SB                                               ,PD Crash,1,3,,23.96666667,23.96666667,6,2,5836,436.97,10605.77,PM Peak,0:36,1:00,0:24
2018,4/11/18,18:17:38,7400 S I15 SB                                               ,PI Crash,1,1,12.81666667,7.366666667,26.01666667,7,1,4280,88.3,2092.87,PM Peak,0:25,0:35,0:10
2018,4/12/18,10:10:38,2100 S I215W NB                                             ,PI Crash,1,3,9,18.36666667,49.26666667,4,1,1235,18.16,468.72,Afternoon Off Peak,0:01,0:20,0:19
2018,4/13/18,5:37:50,12300 S I15 NB                                              ,PD Crash,1,3,69.75,90.58333333,90.58333333,6,4,20653,4407.22,114223.39,Morning Off Peak,2:41,4:15,1:34
2018,4/16/18,12:22:15,284059 I15 NB; MM 284 I15 NB                                ,PI Crash,1,6,24.2,6.749999996,55.94999999,7,1,2424,51.07,1371.99,Afternoon Off Peak,0:41,0:45,0:04
2018,4/16/18,11:01:25,1767 N I15 SB                                               ,PD Crash,1,3,15.51666667,30.58333333,66.48333333,4,1,2465,108.42,2947.43,Afternoon Off Peak,0:03,0:35,0:32
2018,4/18/18,8:56:39,7700 S I15 SB                                               ,PD Crash,2,2,7.483333333,9.35,40.88333333,7,7,4954,222.56,5140.68,AM Peak,0:39,0:50,0:11
2018,4/19/18,14:37:35,252015 I15 SB                                               ,PI Crash,3,6,9.033333333,66.41666667,212.2833333,3,1,7252,556.92,15140.03,Afternoon Off Peak,,,0:54
2018,4/24/18,7:54:36,12900 S I15 NB                                              ,PD Crash,2,4,15.55,7.4,42.88333333,7,2,10316,696.61,15397.07,AM Peak,1:48,1:55,0:07
2018,4/24/18,17:34:43,285054 I15 SB                                               ,PI Crash,1,3,,21.5,21.5,6,1,7844,574.51,13944.02,PM Peak,0:23,1:20,0:57
2018,4/25/18,9:20:53,14100 S I15 NB,PI Crash,2,4,13.21666667,34.11666667,73.01666667,6,2,7295,621.42,16694.39,Afternoon Off Peak,0:45,1:25,0:40
2018,4/25/18,17:17:56,4500 S I15 SB                                               ,PI Crash,3,4,12.18333333,42.06666667,58.16666667,7,2,6424,976.15,23692.29,PM Peak,0:20,1:05,0:45
2018,4/25/18,17:29:37,380 N I15 NB                                                ,PI Crash,1,1,,14.41666667,14.41666667,5,1,6883,553.38,14338.33,PM Peak,0:38,1:00,0:22
2018,4/26/18,13:37:04,285054 I15 SB                                               ,PD Crash,2,6,1.8,44.93333333,86.78333333,6,2,7909,761.74,20708.11,Afternoon Off Peak,0:13,0:55,0:42
2018,4/26/18,18:41:54,8000 S I15 NB                                               ,PI Crash,3,5,32.91666667,60.1,161.0166667,6,5,12529,4098.08,105349.63,Night Off Peak,1:43,2:45,1:02
2018,4/27/18,6:58:43,256997 I15 NB                                               ,PI Crash,1,6,42,63.28333333,86.83333333,3,2,2271,573.36,12672.89,AM Peak,,1:00,1:02
2018,4/27/18,12:57:33,279002 I15 NB                                               ,PI Crash,1,3,7.35,12.45,,6,3,4279,92.96,2497.36,Afternoon Off Peak,0:35,0:50,0:15
2018,5/1/18,6:50:18,269012 I15 SB,PI Crash,1,5,3.583333333,49.7,49.94999999,5,1,5868,146.6,3386.16,AM Peak,0:05,0:55,0:50
2018,5/1/18,17:35:29,382 S I215W SB                                              ,PI Crash,2,3,20.3,92.51666667,92.55,5,5,2696,449.68,11526.47,PM Peak,0:02,1:35,1:33
2018,5/2/18,15:23:34,10000 S I15 NB                                              ,PD Crash,1,4,16.31666667,13.43333333,66.71666667,6,2,23063,3268.53,87808.74,Afternoon Off Peak,3:28,3:45,0:17
2018,5/2/18,15:55:00,2200 S I15 NB,PD Crash,1,2,10.4,8.999999998,22.53333333,4,2,2382,32.11,831.98,PM Peak,0:06,0:15,0:09
2018,5/3/18,9:13:30,5800 S I15 SB,PD Crash,1,1,5.16666667,6.5,13.23333334,6,2,3391,82.77,2250.13,Afternoon Off Peak,0:15,0:25,0:10
2018,5/3/18,13:51:18,8900 S I15 NB                                               ,PI Crash,1,3,23.23333333,20.7,40.75,6,1,22548,385.17,10347.55,Afternoon Off Peak,2:23,2:44,0:21
2018,5/3/18,17:27:16,279000 I15 SB,PI Crash,1,3,12.55,17.73333334,46.05,5,2,4604,1308.62,31761.73,PM Peak,0:15,0:35,0:20
2018,5/4/18,7:27:56,1350 S I215W NB,PI Crash,1,1,21.58333334,23.65,23.65,5,1,1099,6.81,150.54,AM Peak,,0:10,0:40
2018,5/4/18,14:20:42,400 E I80  WB,PD Crash,1,3,13.51666666,24.25,24.25,5,2,7086,37.55,1052.56,Afternoon Off Peak,0:05,1:20,1:15
2018,5/4/18,15:07:43,2100 S I15 SB,PI Crash,1,2,22.95,75.28333333,90.21666666,4,3,7945,502.45,13659.24,Afternoon Off Peak,0:12,1:28,1:16
2018,5/8/18,12:13:59,7762 E I80 EB,PD Crash,2,5,13.8,17.01666666,28.1,3,2,741,7.59,212.75,Afternoon Off Peak,0:09,0:27,0:18
2018,5/9/18,14:24:06,8600 S I15 SB,PD Crash,2,4,2.383333335,23.9,70.73333333,4,4,4308,729.7,19837.1,Afternoon Off Peak,0:07,0:31,0:24
2018,5/9/18,17:54:34,264991 I15 SB,PD Crash,1,2,24.81666667,33.43333333,66.1,4,1,5148,202.18,4907.14,PM Peak,0:17,0:51,0:34
2018,5/11/18,7:33:49,3300 S I15 NB,PD Crash,2,3,0.683333336,44.18333333,59.83333333,4,2,9329,1058.3,23391.45,AM Peak,0:37,1:22,0:45
2018,5/15/18,16:15:17,2500 S I15 SB,PD Crash,1,4,16.56666667,4.716666669,39.36666667,4,2,4291,111.04,2695.07,PM Peak,0:30,0:35,0:05
2018,5/16/18,8:01:14,525 E I215S WB,PI Crash,3,5,15.16666667,118.7666667,128.6166667,3,3,9089,753,16653.1,AM Peak,0:00,2:00,2:00
2018,5/17/18,10:54:18,272499 I15 SB,Fatal,4,12,10.66666667,172.7,184.2166667,5,4,11789,7192,195516.53,Afternoon Off Peak,,2:35,2:47
2018,5/21/18,13:54:11,1100 S I15 SB,PD Crash,1,2,19.06666667,12.81666667,48.83333334,5,1,3187,27.52,748.14,Afternoon Off Peak,0:13,0:30,0:17
2018,5/22/18,17:36:01,266048 I15 SB                                               ,PD Crash,1,3,25.1,13.98333333,52.56666666,5,3,7310,293.42,7121.64,PM Peak,0:55,1:12,0:17
2018,5/22/18,16:12:14,14931 S I15 NB                                              ,PI Crash,3,6,21.05000001,55.76666667,123.35,6,4,13926,1446.21,37471.97,PM Peak,1:22,2:20,0:58
2018,5/22/18,12:39:32,278101 I15 NB,PD Crash,2,6,45.61666666,126.4666667,136.5166667,5,2,11551,1495.95,40188.55,Afternoon Off Peak,0:19,2:28,2:09
2018,5/23/18,17:58:06,278066 I15 SB                                               ,PD Crash,1,4,15.53333334,65.9,81.16666667,6,2,6475,512.4,12436.54,PM Peak,0:16,1:22,1:06
2018,5/23/18,16:27:47,3800 W I80 EB                                               ,PI Crash,1,4,13.43333334,69.96666667,69.96666667,3,1,3749,97.45,2505.97,PM Peak,,1:10,1:12
2018,5/24/18,15:24:32,9000 S I15 NB                                               ,PD Crash,1,1,12.61666666,36.46666666,79.98333333,5,1,4673,2036.04,54698.02,Afternoon Off Peak,,0:30,0:41
2018,5/25/18,14:19:30,278066 I15 SB                                               ,PD Crash,2,4,3.133333332,52.49999999,70.74999999,7,3,10606,3560.42,96791.01,Afternoon Off Peak,0:28,1:25,0:57
2018,5/29/18,17:24:18,1800 S I15 NB                                               ,PD Crash,1,3,25.21666666,17.7,51.38333333,5,2,7935,281.45,7292.5,PM Peak,0:43,1:05,0:22
2018,5/29/18,7:08:23,279002 I15 NB                                               ,PI Crash,1,5,27.88333333,60.61666667,63.86666667,5,3,10557,1404.61,31045.9,AM Peak,0:46,1:50,1:04
2018,5/30/18,15:25:45,600 S I15 NB                                                ,PI Crash,3,4,26.21666668,112.0833333,112.0833333,5,3,19376,5958.45,160073.18,Afternoon Off Peak,1:27,3:20,1:53
2018,5/30/18,15:29:22,4934 W I80 WB; MM 114 I80 WB                                ,PI Crash,1,3,5.099999998,67.53333333,67.53333333,4,1,1359,18.68,523.62,Afternoon Off Peak,,0:30,1:14
2018,6/1/18,13:43:14,5605 S I15 NB,PI Crash,1,3,15.51666667,50.76666666,69.21666666,5,1,6727,285.78,7677.45,Afternoon Off Peak,,0:50,0:54
2018,6/4/18,18:23:16,5400 S I15 NB                                               ,PD Crash,1,4,8.250000001,6.733333336,66.65,5,2,3243,110.41,2801.42,PM Peak,0:25,0:35,0:10
2018,6/12/18,16:06:03,900 N I15 NB,PI Crash,1,3,9.233333333,16.95,19.40000001,3,3,17452,1182,30626.16,PM Peak,2:12,2:30,0:18
2018,6/13/18,8:16:57,1900 S I215W NB,PI Crash,2,3,14.93333334,81,81.9,2,2,3509,35.61,787.2,AM Peak,,0:40,1:22
2018,6/15/18,12:59:15,8000 S I15 NB,PI Crash,2,2,23.55,29.75,89.83333334,5,2,10555,1283.53,34481.91,Afternoon Off Peak,1:01,1:35,0:34
2018,6/15/18,14:56:13,600 N I15 NB,PI Crash,1,1,10.48333334,28.78333334,71.76666667,5,1,20647,1108.43,29777.86,Afternoon Off Peak,2:15,2:50,0:35
2018,6/18/18,8:10:02,9000 S I15 SB,PI Crash,3,3,11.61666667,87.96666666,97.63333334,6,2,12759,2142.23,49481.1,AM Peak,0:32,2:00,1:28
2018,6/18/18,15:25:22,278101 I15 NB,PD Crash,1,1,36.85,72.63333334,91.45,6,1,12443,425.73,11437.19,Afternoon Off Peak,0:27,1:30,1:03
2018,6/19/18,8:56:32,279002 I15 NB                                               ,PD Crash,2,2,14.8,35.46666667,36.36666667,5,1,2633,177.03,3912.87,AM Peak,0:03,0:40,0:37
2018,6/19/18,9:23:54,278101 I15 NB,PI Crash,2,5,8.883333335,39.09999999,44.28333333,6,2,3959,306.97,8246.72,Afternoon Off Peak,0:07,0:47,0:40
2018,6/19/18,15:18:33,284049 I15 SB,PI Crash,2,3,18.18333333,35.45,43.65,6,1,11418,375.6,10210.79,Afternoon Off Peak,1:01,1:37,0:36
2018,6/19/18,17:39:19,500 S I15 NB,PI Crash,1,2,7.36666667,51.18333334,51.18333334,4,1,7912,252.59,6544.72,PM Peak,0:05,1:05,1:00
2018,6/20/18,17:52:16,1000 N I15 SB                                               ,PI Crash,2,5,17.39999999,81.73333333,129.7333333,4,3,6771,987.55,23968.98,PM Peak,0:16,1:40,1:24
2018,6/20/18,17:02:33,274530 I15 NB                                               ,PI Crash,2,2,,,74.33333333,6,1,8176,623.58,16157.24,PM Peak,1:12,1:15,0:02
2018,6/20/18,8:58:01,2400 N I15 SB,PD Crash,1,1,14.48333333,22.98333333,29.73333334,4,1,3321,62.67,1447.55,AM Peak,0:04,0:30,0:26
2018,6/20/18,9:17:43,5900 S I15 SB,PD Crash,1,5,19.86666666,34.28333333,52.06666666,5,2,6272,481.42,13087.54,Afternoon Off Peak,0:23,1:00,0:37
2018,6/20/18,15:13:08,273995 I15 SB                                               ,PI Crash,2,3,16.08333333,42.86666667,78.45,6,3,12547,945.18,25694.98,Afternoon Off Peak,1:09,1:55,0:46
2018,6/21/18,15:41:53,2100 S I15 NB                                               ,PD Crash,1,2,43.6,103.1166667,113.4166667,4,4,18748,4174.59,112149.95,Afternoon Off Peak,1:30,3:15,1:45
2018,6/21/18,15:33:49,2300 N I215W NB                                             ,PD Crash,1,2,58.85,102.1833333,105.15,3,1,13558,2161.62,55792.34,Afternoon Off Peak,1:14,2:50,1:36
2018,6/21/18,1:24:31,259003 I15 SB                                               ,Fatal,2,6,76.86666667,185.4833333,196.8166667,6,6,1200,9.9,282.53,Morning Off Peak,0:10,3:00,2:50
2018,6/22/18,13:00:52,9400 S I15 NB                                               ,PD Crash,1,1,3.150000003,3.133333332,76.41666667,6,1,15051,1112.69,29892.31,Afternoon Off Peak,2:06,2:13,0:07
2018,6/26/18,18:11:38,1000 N I15 NB                                               ,PI Crash,2,2,10.26666667,39.36666667,58.6,4,1,7606,380.01,9846.23,PM Peak,0:29,1:10,0:41
2018,6/26/18,13:41:14,4900 S I15 SB                                               ,PI Crash,2,3,5.133333328,13.14999999,13.14999999,5,1,5827,127.91,3477.27,Afternoon Off Peak,0:18,0:40,0:21
2018,6/26/18,10:10:40,8100 S I15 NB                                               ,PI Crash,1,7,9.233333333,69.33333333,70.56666667,6,3,11813,1565.1,42046.26,Afternoon Off Peak,0:40,1:51,1:11
2018,6/27/18,8:01:40,2900 S I15 NB                                               ,PD Crash,2,2,5.066666667,29.33333334,33.30000001,6,1,8632,267.66,5916.05,AM Peak,0:29,1:00,0:31
2018,6/28/18,18:33:50,6000 S I15 SB                                               ,PD Crash,1,2,19.21666666,109.1666667,109.3666667,5,1,8633,323.47,8423.57,Night Off Peak,,1:25,1:48
2018,7/3/18,6:40:33,1300 W I215S WB                                             ,PD Crash,2,3,11.55000001,24.45000001,42.95,4,1,2553,8.84,195.42,AM Peak,,0:25,0:25
2018,7/5/18,15:38:58,3000 S I15 NB                                               ,PD Crash,1,2,1.499999994,8.033333325,21.95,6,1,8803,152.72,4102.81,Afternoon Off Peak,0:58,1:05,0:07
2018,7/6/18,8:49:59,4892 E I80 EB                                               ,PD Crash,2,3,33.8,23.01666667,38.81666667,3,2,2731,242.4,5803.67,AM Peak,0:27,0:51,0:24
2018,7/9/18,7:50:44,9800 S I15 NB                                               ,PD Crash,1,1,,,37.31666667,6,1,17005,1300.05,28734.82,AM Peak,2:04,2:15,0:10
2018,7/9/18,8:46:00,284049 I15 SB                                               ,PD Crash,1,2,8.033333336,13,28.85000001,4,3,6303,351.37,8115.92,AM Peak,0:51,1:05,0:14
2018,7/9/18,11:42:54,10600 S I15 SB                                              ,PI Crash,2,2,30.49999999,18.1,56.51666667,6,1,6633,79.38,2157.97,Afternoon Off Peak,0:49,0:55,0:06
2018,7/10/18,8:30:33,13000 S I15 NB                                              ,PD Crash,1,1,20.66666667,14.45,74.41666667,5,2,3409,100.31,2217.14,AM Peak,0:15,0:30,0:15
2018,7/10/18,13:24:37,4500 S I15 NB                                               ,PD Crash,1,4,9.483333339,23.38333333,50.55,5,1,6145,110.72,2974.48,Afternoon Off Peak,0:22,0:45,0:23
2018,7/11/18,7:49:24,3300 S I15 NB                                               ,PD Crash,2,3,10.5,25.6,30.26666667,5,3,8865,406.61,8987.24,AM Peak,0:30,1:05,0:35
2018,7/11/18,15:22:14,7200 S I15 SB                                               ,PD Crash,1,1,15.91666667,2.766666664,55.88333333,6,1,23964,1340.46,36440.78,Afternoon Off Peak,3:20,3:25,0:05
2018,7/11/18,16:35:25,600 N I15 NB                                                ,PI Crash,1,2,13.93333333,45.58333333,60.80000001,5,1,12986,586.38,15193.38,PM Peak,0:59,1:45,0:46
2018,7/12/18,14:38:13,5500 S I15 SB                                               ,PI Crash,1,1,10.51666666,34.78333333,73.48333334,6,1,8006,700.65,19047.37,Afternoon Off Peak,0:22,1:00,0:38
2018,7/12/18,18:28:15,175 W I215S WB                                              ,PI Crash,2,5,15.9,12.74999999,31.31666666,3,3,2582,42.02,963.49,PM Peak,0:19,0:30,0:11
2018,7/16/18,12:23:05,271005 I15 SB                                               ,PI Crash,1,5,17.48333333,84.81666667,84.81666667,6,3,6177,187.84,5106.48,Afternoon Off Peak,,1:00,1:34
2018,7/16/18,15:29:51,2100 S I15 NB                                               ,PD Crash,1,4,5.700000002,70.15,74.03333333,4,2,10519,647.76,17402.01,Afternoon Off Peak,0:15,1:30,1:15
2018,7/17/18,17:21:48,2300 S I15 NB                                               ,PI Crash,1,3,11.21666667,34.2,53.6,4,1,6767,155.03,4016.9,PM Peak,0:19,0:55,0:36
2018,7/17/18,17:32:43,13932 S I15 NB                                              ,PI Crash,1,1,,27.28333333,28.29999999,5,1,4854,142.99,3704.94,PM Peak,0:15,0:45,0:30
2018,7/17/18,18:01:36,281930 I15 NB                                               ,PI Crash,1,4,40.21666667,56.35,56.35,5,4,5715,833.9,21606.73,PM Peak,0:09,1:20,1:11
2018,7/18/18,14:48:49,272003 I15 SB,PI Crash,1,7,14.74999999,23.18333333,73.28333332,6,1,3744,33.47,909.89,Afternoon Off Peak,0:03,0:27,0:24
2018,7/18/18,12:42:56,7200 S I15 NB                                               ,PD Crash,2,2,27.85,105.15,105.15,6,3,11978,2237.89,60120.7,Afternoon Off Peak,0:16,2:05,1:49
2018,7/18/18,14:35:29,12300 S I15 NB,PI Crash,4,5,13.31666667,103.5166667,164.4333333,6,4,8463,6355.07,170728.34,Afternoon Off Peak,,1:35,1:44
2018,7/19/18,18:02:09,3900 S I15 SB,PD Crash,1,2,23.51666666,8.850000005,31.05,7,1,2591,34.99,849.25,PM Peak,0:09,0:20,0:11
2018,7/19/18,14:02:42,2000 E I80 WB,PI Crash,3,5,,56.3,57.35000001,3,1,3876,274.87,7704.87,Afternoon Off Peak,0:01,1:05,1:04
2018,7/19/18,10:58:08,7200 S I15 SB,PD Crash,4,4,8.916666666,55.86666667,56.38333333,6,3,6928,509.75,13857.7,Afternoon Off Peak,0:06,1:05,0:59
2018,7/20/18,8:25:44,1116 S I15 NB,PD Crash,2,2,7.099999994,49.26666666,95.88333333,5,5,9992,971.22,21466.74,AM Peak,0:35,1:25,0:50
2018,7/23/18,9:00:05,2400 S I15 SB,PI Crash,2,5,11.90000001,29.91666667,36.3,4,3,4220,207.25,5003.37,AM Peak,0:15,0:45,0:30
2018,7/25/18,16:44:39,8000 S I15 SB                                               ,PD Crash,1,2,26.28333334,66.7,66.7,4,3,16368,1469.07,35656.03,PM Peak,1:07,2:16,1:09
2018,7/30/18,18:18:19,11400 S I15 SB                                              ,PI Crash,1,3,32.81666667,78.68333334,91.13333334,6,3,10869,3673.17,87060.89,PM Peak,0:43,2:05,1:22
2018,7/30/18,16:50:55,3400 S I15 SB,PI Crash,1,7,27.50000001,95.08333334,104.45,6,3,8549,2930.62,71129.55,PM Peak,0:09,1:45,1:36
2018,7/30/18,8:03:20,284059 I15 NB,PD Crash,1,1,12.91666667,14.66666667,49.11666667,5,1,5155,51.74,1143.6,AM Peak,0:52,1:07,0:15
2018,7/31/18,16:54:20,14793 S I15 SB                                              ,PD Crash,1,2,12.9,93.66666666,93.76666667,6,3,13154,3444.54,83602.98,PM Peak,0:17,1:55,1:38
2018,8/6/18,7:45:46,1300 W I215S EB                                             ,PI Crash,2,4,8.716666672,61.23333334,83.16666667,5,1,5556,359.04,7937.04,AM Peak,0:23,1:27,1:04
2018,8/6/18,7:46:07,3100 S I15 NB                                               ,PD Crash,1,5,7.33333334,17.88333333,35.56666667,5,3,6793,464.52,10267.22,AM Peak,0:31,0:50,0:19
2018,8/6/18,10:50:59,12200 S I15 SB                                              ,PD Crash,1,2,0.183333333,4.016666667,58.71666667,6,1,2077,4.46,121.25,Afternoon Off Peak,0:10,0:15,0:05
2018,8/6/18,16:47:18,7121 S I15 SB                                               ,PD Crash,2,2,16.53333333,9.700000004,77.33333334,7,1,10225,112.41,2728.32,PM Peak,1:03,1:17,0:14
2018,8/7/18,17:06:11,4500 S I15 SB                                               ,PI Crash,1,1,13.16666666,7.81666666,48.53333333,7,1,2836,209.62,5087.72,PM Peak,0:11,0:20,0:09
2018,8/8/18,16:14:04,273001 I15 SB,PD Crash,1,3,21.93333334,10.93333334,35.58333334,6,1,16346,726.11,17623.53,PM Peak,1:55,2:06,0:11
2018,8/8/18,12:36:51,8000 S I15 SB                                               ,PD Crash,1,3,40.13333333,59.15,100.4166667,7,1,10444,703.73,19131.1,Afternoon Off Peak,0:24,1:30,1:06
2018,8/8/18,8:03:57,271005 I15 NB,PD Crash,2,7,1.416666663,27.04999999,56.84999999,6,2,5483,114.35,2527.46,AM Peak,0:19,0:47,0:28
2018,8/9/18,7:28:57,281930 I15 NB,PI Crash,2,3,14.08333334,50.05000001,60.31666667,5,1,8702,838.21,18526.84,AM Peak,0:26,1:17,0:51
2018,8/10/18,7:44:55,13000 S I15 NB                                              ,PI Crash,1,2,10.41666667,66.08333334,67.76666667,6,1,9949,601.04,13284.7,AM Peak,0:24,1:31,1:07
2018,8/14/18,17:33:48,278101 I15 NB,PD Crash,2,1,12.68333333,17.2,43.51666667,6,2,6159,412.69,10692.99,PM Peak,0:29,0:47,0:18
2018,8/16/18,7:58:34,14200 S I15 NB,PD Crash,1,2,4.866666662,11.43333333,22.55,5,1,3348,94.47,2088.06,AM Peak,0:15,0:30,0:15
2018,8/20/18,9:21:59,6800 S I15 SB,PI Crash,2,7,8.766666662,47.01666667,48.03333333,6,2,5632,472.03,12832.27,Afternoon Off Peak,0:11,1:00,0:49
2018,8/22/18,9:32:06,6200 S I15 SB,PD Crash,1,2,10.71666667,71.9,74.68333334,7,1,2194,23.7,644.29,Afternoon Off Peak,,0:15,1:14
2018,8/22/18,8:06:15,100 E I80 WB,PD Crash,1,2,16.63333333,27.75,92.13333334,4,3,5842,508.79,12181.72,AM Peak,0:31,1:00,0:29
2018,8/22/18,7:55:19,275000 I15 NB,PD Crash,1,4,10.43333333,14.68333334,41.43333334,6,2,4610,237.2,5242.8,AM Peak,0:25,0:40,0:15
2018,8/22/18,9:53:13,8900 S I15 NB                                               ,PD Crash,1,1,9.716666664,65.78333333,66.91666667,6,1,10350,669.87,17995.99,Afternoon Off Peak,0:21,1:30,1:09
2018,8/23/18,13:48:46,8800 S I15 NB,PD Crash,1,2,37.23333334,26.23333334,89.85000001,6,3,21447,1302.5,34991.54,Afternoon Off Peak,2:30,3:00,0:30
2018,8/23/18,13:36:43,261034 I15 SB,PD Crash,2,2,5.400000005,17.28333334,34.16666667,6,1,2385,1.15,31.26,Afternoon Off Peak,0:11,0:30,0:19
2018,8/23/18,6:42:45,8500 S I15 NB,PI Crash,1,2,0.216666665,50.25,57.55,6,2,9212,2586.01,57158.21,AM Peak,0:12,1:05,0:53
2018,8/24/18,17:49:06,1300 E I80 EB                                               ,PD Crash,1,1,15.3,13.9,55.28333334,4,1,2888,84.48,2172.44,PM Peak,0:07,0:25,0:18
2018,8/27/18,17:28:14,2730 S I15 NB,PD Crash,1,2,24.93333333,31.76666666,34.15,6,1,5858,165.34,4284.04,PM Peak,0:15,0:50,0:35
2018,8/27/18,9:35:04,1133 N I15 SB,PI Crash,1,2,15.85,28.4,28.4,4,1,2803,18.08,491.51,Afternoon Off Peak,,0:20,0:36
2018,8/27/18,7:43:29,269012 I15 NB,PD Crash,1,5,20.53333333,29.51666667,40.11666667,5,2,6159,445.83,9854.12,AM Peak,0:32,1:05,0:33
2022,3/1/22,8:09:48,4300 S I15 SB                                               ,PD Crash,2,3,4.366666667,15.2,,7,1,3169,19.42,434.46,AM Peak,0:05,0:20,2.995732274
2022,3/1/22,9:23:41,600 N I15 SB,PI Crash,1,1,6.25,73.31666667,,4,2,4914,205.1,5278.47,Afternoon Off Peak,0:03,1:20,4.382026635
2022,3/2/22,16:21:30,14600 S I15 SB,PI Crash,1,4,32.93333333,71.5,,6,1,19742,2363.58,57279.08,PM Peak,1:07,2:20,4.941642423
2022,3/3/22,7:52:07,5900 S I15 NB,PI Crash,2,3,10.8,22.88333333,,6,1,12557,340.65,9688.3,AM Peak,0:45,1:15,4.317488114
2022,3/3/22,7:58:46,I15 SB; MM 276 I15 SB,PD Crash,2,2,8.616666667,9.233333333,,6,1,4639,18.3,374.55,AM Peak,0:17,0:30,3.401197382
2022,3/4/22,9:15:13,5400 S I15 NB,PI Crash,1,5,15.38333333,60.78333333,,5,3,5546,468.44,,Afternoon Off Peak,0:09,1:10,4.248495242
2022,3/4/22,17:34:30,14600 S I15 NB ,PD Crash,4,2,14.01666667,96.5,,7,2,12315,997.71,24663,PM Peak,0:29,2:10,4.86753445
2022,3/4/22,18:58:03,11109 S I15 SB; MM 293 I15 SB,PI Crash,1,3,18.5,51.95,,6,1,7938,249.11,5647.68,Night Off Peak,0:25,1:20,4.382026635
2022,3/5/22,14:51:11,8800 S I15 SB,PI Crash,1,2,8.783333333,65.45,,7,1,13885,853.66,19705.19,Afternoon Off Peak,0:29,1:50,4.700480366
2022,3/5/22,17:45:29,279002 I15 NB; MM 279 I15 NB,PI Crash,1,2,13.4,68.51666667,,6,1,8488,95.77,2171.31,PM Peak,0:16,1:30,4.49980967
2022,3/6/22,8:53:03,269012 I15 NB; MM 269 I15 NB,PD Crash,2,2,26.35,88.95,,7,3,2362,208.92,4287.93,AM Peak,0:13,1:45,4.65396035
2022,3/6/22,10:55:50,274983 I15 NB; MM 275 I15 NB     ,PI Crash,1,6,5.516666667,11.23333333,,6,2,1981,21.89,474.87,Afternoon Off Peak,,0:40,3.688879454
2022,3/7/22,20:18:15,274985 I15 SB; MM 275 I15 SB                                ,PI Crash,1,3,9.883333333,66.75,,6,3,2007,39.51,872.78,Night Off Peak,,0:30,3.401197382
2022,3/7/22,19:28:50,4800 S I15 SB                                               ,PD Crash,2,2,14.6,12.16666667,,7,2,1844,5.12,118.68,Night Off Peak,0:04,0:20,2.995732274
2022,3/7/22,17:10:38,256991 I15 SB; MM 257 I15 SB                                ,PI Crash,1,3,18.85,50.15,,3,2,5473,363.83,7702.16,PM Peak,0:06,1:00,4.094344562
2022,3/7/22,16:31:08,5000 S I15 SB                                               ,PD Crash,2,3,11.46666667,15.86666667,,6,2,4057,148.77,3412.46,PM Peak,0:13,0:30,3.401197382
2022,3/7/22,7:11:26,1895 E I80 EB; MM 126 I80 EB,PD Crash,2,4,13.96666667,38.56666667,,3,3,7159,434.95,8159.81,AM Peak,0:55,1:35,4.553876892
2022,3/8/22,18:01:12,5300 S I15 SB                                               ,PD Crash,3,3,7.433333333,18.8,,6,1,2494,60.8,1374,PM Peak,0:05,0:25,3.218875825
2022,3/9/22,15:33:35,13800 S I15 SB                                              ,PI Crash,1,8,5.166666667,65.41666667,,6,2,7672,369.31,8328.05,Afternoon Off Peak,,1:00,4.094344562
2022,3/9/22,9:24:37,273997 I15 NB; MM 274 I15 NB                                ,PD Crash,2,2,5.7,39.38333333,,6,1,3821,45.01,951.72,Afternoon Off Peak,0:01,0:45,3.80666249
2022,3/9/22,7:43:41,269011 I15 SB; MM 269 I15 SB                                ,PI Crash,2,3,22.1,98.31666667,,6,2,8251,121.12,2657.95,AM Peak,0:03,1:45,4.65396035
2022,3/9/22,6:59:12,269012 I15 NB; MM 268 I15 NB                                ,PI Crash,2,3,9.016666667,80.8,,5,1,11909,1194.62,25145.89,AM Peak,0:35,2:00,4.787491743
2022,3/10/22,20:52:11,273003 I15 NB; MM 273 I15 NB                                ,PI Crash,1,3,5.266666667,47.81666667,,6,3,1370,12.47,277.36,Night Off Peak,,0:25,3.218875825
2022,3/10/22,18:14:12,3380 S I215E SB; MM 2 I215E SB                              ,PD Crash,3,6,16.78333333,98.06666667,,3,2,2773,458.43,,PM Peak,0:11,1:50,4.700480366
2022,3/11/22,16:25:50,7300 S I15 SB                                               ,PD Crash,1,2,,21.16666667,,5,2,11029,138.06,2946.09,PM Peak,1:23,1:40,4.605170186
2022,3/11/22,13:17:38,279008 I15 SB; MM 279 I15 SB                                ,PD Crash,3,3,6.766666667,21.36666667,,6,1,2763,45.41,967.91,Afternoon Off Peak,0:01,0:25,3.218875825
2022,3/11/22,6:57:18,1092 S I215W NB; MM 21 I215W NB                             ,PI Crash,1,4,1.766666667,70.58333333,,4,1,7479,278.11,5330.37,AM Peak,0:03,1:25,4.442651256
2022,3/12/22,4:50:51,600 S I15 NB,Fatal,2,14,67.91666667,259.15,,5,4,6957,358.11,7845.63,Morning Off Peak,,4:15,5.541263545
2022,3/14/22,8:53:40,2900 S I215W NB                                             ,PI Crash,1,2,17.06666667,47.33333333,,4,2,2222,52,998.76,AM Peak,,0:30,3.401197382
2022,3/16/22,17:44:50,273003 I15 NB; MM 273 I15 NB                                ,PD Crash,1,4,18.43333333,63.16666667,,6,1,7485,238.02,5322.57,PM Peak,,1:00,4.094344562
2022,3/16/22,17:05:50,7200 S I15 SB,PI Crash,1,2,14.85,33.16666667,,6,1,9515,422.66,9561.83,PM Peak,0:51,1:20,4.382026635
2022,3/16/22,8:08:06,587 E I80 WB; MM 124 I80 WB,PI Crash,2,4,,38.13333333,,5,2,5806,61.78,1039.85,AM Peak,0:06,1:05,4.17438727
2022,3/17/22,6:31:44,1000 E I215S WB                                             ,PD Crash,2,3,13.86666667,76.26666667,,3,2,2967,16.46,328.18,AM Peak,0:02,1:10,4.248495242
2022,3/18/22,10:42:52,9467 S I15 SB; MM 295 I15 SB                                ,PI Crash,2,4,8.35,61.13333333,,6,2,6672,386.77,,Afternoon Off Peak,0:01,1:05,4.17438727
2022,3/19/22,15:37:18,3356 S I215E NB; MM 2 I215E NB                              ,PI Crash,1,2,17.2,14.7,,3,1,1098,9.7,,Afternoon Off Peak,0:08,0:25,3.218875825
2022,3/20/22,13:13:19,1848 E I215S EB; MM 8 I215S EB                              ,PI Crash,1,3,,9.6,,3,1,1241,6.39,,Afternoon Off Peak,0:09,0:20,2.995732274
2022,3/21/22,7:00:59,3100 S I15 NB                                               ,PD Crash,2,2,3.883333333,16.01666667,,6,5,15209,582.41,10316.29,AM Peak,1:23,1:40,4.605170186
2022,3/22/22,10:30:25,4700 S I215W SB                                             ,PD Crash,1,4,10.5,21.58333333,,4,2,723,2.93,,Afternoon Off Peak,,0:10,2.302585093
2022,3/23/22,17:40:52,3542 S I15 NB; MM 303 I15 NB                                ,PD Crash,3,2,25.48333333,86.13333333,,6,2,9647,398.55,8348.31,PM Peak,,1:25,4.442651256
2022,3/23/22,9:31:35,255999 I15 SB; MM 256 I15 SB                                ,PI Crash,2,4,9.533333333,45.41666667,,3,3,1569,76.6,,Afternoon Off Peak,0:13,0:50,3.912023005
2022,3/23/22,8:43:36,700 E I215S EB                                              ,PI Crash,1,1,12.08333333,26.4,,3,1,2340,34.41,663.01,AM Peak,0:10,0:25,3.218875825
2022,3/24/22,17:46:01,275943 I15 NB; MM 276 I15 NB                                ,PI Crash,2,4,11.6,36.98333333,,6,4,6273,837.2,18284.49,PM Peak,0:22,1:00,4.094344562
2022,3/25/22,14:12:18,12300 S I15 SB                                              ,PI Crash,1,9,20.73333333,146.7,,6,6,21716,4053.53,,Afternoon Off Peak,0:21,2:50,5.135798437
2022,3/26/22,12:50:40,273003 I15 NB; MM 273 I15 NB                                ,PI Crash,1,6,8.4,40.33333333,,6,4,5282,66.63,,Afternoon Off Peak,0:04,0:45,3.80666249
2022,3/26/22,10:42:22,11114 S I15 NB; MM 293 I15 NB                               ,PD Crash,2,1,10.76666667,0.633333333,,6,1,2039,6.83,,Afternoon Off Peak,0:07,0:10,2.302585093
2022,3/27/22,14:40:11,7800 S I15 SB,PI Crash,1,4,11.35,11.81666667,,7,3,3171,52.82,,Afternoon Off Peak,0:13,0:25,3.218875825
2022,3/28/22,14:52:32,1500 E I80 EB,PI Crash,2,2,73.6,82.6,,3,1,6198,198.62,,Afternoon Off Peak,0:02,1:30,4.49980967
2022,3/30/22,16:15:23,756 W I215S EB; MM 12 I215S EB                              ,PD Crash,1,2,20.96666667,22.61666667,,4,1,5316,148.72,3256.21,PM Peak,0:22,0:45,3.80666249
2022,3/30/22,10:27:40,1400 E I80 EB                                               ,PD Crash,1,3,11.75,6.333333333,,3,1,1049,31.49,,Afternoon Off Peak,0:06,0:15,2.708050201
2022,3/31/22,8:10:56,1100 S I15 SB                                               ,PD Crash,2,10,15,108.0666667,,5,3,7382,805.33,14750.7,AM Peak,0:01,1:50,4.700480366
2022,4/1/22,13:52:20,2900 S I15 NB,PD Crash,2,3,,74.78333333,,6,2,11673,858.71,,Afternoon Off Peak,0:34,2:00,4.787491743
2022,4/1/22,16:59:48,200 S I15 NB,PI Crash,1,5,5.5,63.2,,5,1,3184,50.77,1108.82,PM Peak,,0:40,3.688879454
2022,4/1/22,17:26:45,249974 I15 NB; MM 250 I15 NB,PI Crash,1,4,5.85,27.25,,3,1,2662,225.09,4572.02,PM Peak,0:46,1:15,4.317488114
2022,4/3/22,11:54:15,2515 E I80 EB; MM 127 I80 EB         ,PI Crash,1,1,11.75,27.75,,3,1,1303,22.72,,Afternoon Off Peak,0:03,0:30,3.401197382
2022,4/4/22,7:46:53,10600 S I15 NB,PI Crash,1,4,6.05,14.11666667,,6,2,9429,864.7,15248.15,AM Peak,1:09,1:25,4.442651256
2022,4/6/22,19:01:30,284059 I15 NB; MM 284 I15 NB,PI Crash,2,4,15.38333333,15.5,,6,1,2770,22.5,,Night Off Peak,0:08,0:30,3.401197382
2022,4/7/22,16:30:46,13800 S I15 NB,PD Crash,2,4,16.55,55.5,,5,1,14086,1182.44,25463.17,PM Peak,1:06,2:05,4.828313737
2022,4/8/22,18:01:14,3900 S I15 NB,PD Crash,2,4,12.33333333,13.76666667,,6,3,8764,196.27,4240.4,PM Peak,0:40,1:00,4.094344562
2022,4/9/22,9:24:48,11878 S I15 NB; MM 292 I15 NB,PD Crash,1,2,20.85,22.2,,6,1,2150,7.56,,Afternoon Off Peak,,0:15,2.708050201
2022,4/12/22,6:00:35,1900 W I215S WB,PI Crash,2,1,15.13333333,27.76666667,,5,4,1488,36.2,839.91,Morning Off Peak,,0:35,3.555348061
2022,4/12/22,12:27:21,9000 S I15 SB,PD Crash,1,3,30.36666667,66.4,,7,1,7684,226.62,,Afternoon Off Peak,0:06,1:15,4.317488114
2022,4/12/22,16:24:36,1230 E I80 EB; MM 125 I80 EB                                ,PI Crash,2,3,8.6,64.4,,3,2,6057,382.39,7896.69,PM Peak,0:11,1:15,4.317488114
2022,4/13/22,16:50:27,4500 S I15 NB                                               ,PD Crash,1,4,0.35,22.55,,5,1,3842,13.7,300.5,PM Peak,0:02,0:25,3.218875825
2022,4/13/22,9:00:24,274983 I15 NB; MM 275 I15 NB                                ,PD Crash,1,3,9.15,50.8,,6,3,5445,268.29,4619.65,AM Peak,0:10,1:05,4.17438727
2022,4/13/22,6:39:40,6528 E I80 EB; MM 132 I80 EB                                ,PD Crash,1,5,0.183333333,6.333333333,,3,1,819,4.77,86.97,AM Peak,0:19,0:25,3.218875825
2022,4/14/22,7:54:37,284059 I15 NB; MM 284 I15 NB                                ,PD Crash,3,6,9.233333333,86.01666667,,6,4,10023,1278.49,23202.08,AM Peak,,1:40,4.605170186
2022,4/15/22,14:39:31,248019 I15 NB; MM 248 I15 NB                                ,PI Crash,2,1,10.06666667,36.48333333,,2,1,1063,37.25,,Afternoon Off Peak,0:04,0:35,3.555348061
2022,4/15/22,7:20:54,300 S I15 SB                                                ,PI Crash,2,5,10.18333333,63.1,,5,1,5328,394,7333.62,AM Peak,0:11,1:20,4.382026635
2022,4/16/22,17:28:22,2336 N I15 NB; MM 312 I15 NB,PD Crash,1,3,12.63333333,2.633333333,,4,2,2148,24.29,510.51,PM Peak,0:19,0:25,3.218875825
2022,4/17/22,21:06:45,1400 E I215S WB                                             ,PI Crash,1,8,10.75,6.25,,3,1,1462,3.21,76.18,Night Off Peak,1:12,1:20,4.382026635
2022,4/18/22,14:57:42,277006 I15 SB; MM 277 I15 SB                                ,PI Crash,1,7,14.43333333,30.3,,6,2,5982,343.52,,Afternoon Off Peak,0:22,0:55,4.007333185
2022,4/20/22,12:45:21,281008 I15 NB; MM 281 I15 NB                                ,PI Crash,1,2,10.3,33.65,,6,1,2864,3.51,,Afternoon Off Peak,0:06,0:30,3.401197382
2022,4/20/22,7:59:26,273997 I15 NB; MM 274 I15 NB                                ,PI Crash,1,3,10.16666667,27.48333333,,6,1,7748,384.25,6844.25,AM Peak,0:11,1:10,4.248495242
2022,4/21/22,18:04:36,14931 S I15 NB; MM 288 I15 NB                               ,PD Crash,1,2,4.883333333,23.4,,7,3,4803,404.75,8744.61,PM Peak,0:12,0:40,3.688879454
2022,4/22/22,18:47:10,700 E I80 WB,PI Crash,3,4,11.38333333,17.83333333,,4,4,1434,21.4,485.66,Night Off Peak,0:10,0:30,3.401197382
2022,4/22/22,16:22:51,277006 I15 SB; MM 277 I15 SB,PD Crash,1,2,5.6,32.03333333,,6,3,4120,340.64,6269.07,PM Peak,,0:40,3.688879454
2022,4/23/22,17:12:58,175 W I215S WB; MM 11 I215S WB                              ,PD Crash,1,4,,17.03333333,,3,2,1218,33.39,731.83,PM Peak,0:10,0:20,2.995732274
2022,4/26/22,17:43:46,14182 S I15 NB; MM 289 I15 NB                               ,PD Crash,1,2,24.05,40.23333333,,6,2,5942,78.42,1677.67,PM Peak,0:06,0:50,3.912023005
2022,4/26/22,17:10:28,300 W I215S WB                                              ,PI Crash,2,3,14.86666667,8.533333333,,3,3,7852,437.13,9501.71,PM Peak,1:41,1:50,4.700480366
2022,4/26/22,17:01:02,261972 I15 NB; MM 262 I15 NB                                ,PD Crash,1,3,28.16666667,54.58333333,,5,2,5093,68.65,1407.33,PM Peak,,0:55,4.007333185
2022,4/26/22,16:09:06,1300 S I15 SB                                               ,PD Crash,1,2,6.183333333,5.9,,5,1,5089,77.82,1526.87,PM Peak,0:45,0:55,4.007333185
2022,4/28/22,17:40:55,14931 S I15 NB; MM 288 I15 NB                               ,PI Crash,1,3,11,35.08333333,,7,2,8617,751.54,16343,PM Peak,0:44,1:20,4.382026635
2022,4/28/22,13:13:23,13452 S I15 SB; MM 290 I15 SB                               ,PI Crash,1,4,9.15,80.86666667,,7,6,11312,956.43,,Afternoon Off Peak,0:01,1:25,4.442651256
2022,4/28/22,7:41:36,5605 S I15 NB; MM 300 I15 NB,PD Crash,2,3,7.15,56.4,,5,3,13058,1108.1,20241.27,AM Peak,0:27,1:25,4.442651256
2022,4/29/22,20:39:55,12300 S I15 SB                                              ,PI Crash,4,4,13.31666667,11.08333333,,6,5,1952,12.97,,Night Off Peak,0:09,0:20,2.995732274
2022,4/29/22,15:24:37,14538 S I15 NB; MM 288.5 I15 NB           ,PD Crash,4,2,1.8,79.38333333,,7,3,23238,4510.88,,Afternoon Off Peak,2:11,3:30,5.347107531
2022,5/2/22,13:34:40,15200 S I15 SB ,PD Crash,4,4,3.016666667,92.5,,6,4,13728,1176.27,,Afternoon Off Peak,0:22,2:00,4.787491743
2022,5/3/22,7:55:56,8500 S I15 NB,PD Crash,1,3,10.46666667,22.06666667,,5,2,5336,226.7,4167.94,AM Peak,0:07,0:30,3.401197382
2022,5/3/22,16:07:42,600 N I15 NB,PD Crash,1,2,18.58333333,72.3,,5,2,14884,1157.24,25410.2,PM Peak,0:45,2:00,4.787491743
2022,5/4/22,8:49:05,7200 S I15 NB,PD Crash,1,2,19.5,37.91666667,,5,2,5571,447.12,8043.64,AM Peak,,0:40,3.688879454
2022,5/6/22,17:34:22,15650 S I15 NB; MM 287 I15 NB,PD Crash,1,3,12.71666667,122,,6,2,13762,2682.85,58908.93,PM Peak,0:17,2:25,4.976733742
2022,5/6/22,17:39:28,281007 I15 SB; MM 281 I15 SB           ,PI Crash,1,4,14.28333333,24.53333333,,6,3,7464,592.48,12165.48,PM Peak,0:46,1:15,4.317488114
2022,5/7/22,13:35:30,9000 S I15 NB,PD Crash,1,5,9.55,15.5,,7,2,18298,474.01,,Afternoon Off Peak,1:49,2:05,4.828313737
2022,5/7/22,17:32:21,1116 S I15 NB; MM 306 I15 NB            ,PI Crash,1,3,14.58333333,75.65,,5,2,10377,688.33,15405.35,PM Peak,0:12,1:30,4.49980967
2022,5/9/22,11:43:13,6000 S I215E NB      ,PI Crash,1,2,18.15,22.36666667,,3,1,2236,78.11,,Afternoon Off Peak,0:47,1:15,4.317488114
2022,5/11/22,11:41:42,6500 S I15 SB,PD Crash,1,4,8.083333333,27.3,,7,1,3476,47.31,,Afternoon Off Peak,0:01,0:30,3.401197382
2022,5/11/22,15:45:30,8976 E I80 WB; MM 136 I80 WB                                ,PD Crash,2,3,14.28333333,11.5,,3,2,1273,56.94,,Afternoon Off Peak,0:13,0:25,3.218875825
2022,5/12/22,17:20:40,587 E I80 WB; MM 124 I80 WB,PI Crash,2,6,11.15,61.33333333,,5,3,5618,217.69,4273.91,PM Peak,0:18,1:20,4.382026635
2022,5/12/22,8:41:28,1746 N I15 NB; MM 311 I15 NB                                ,PI Crash,1,2,,8.05,,4,2,3144,148.97,2453.19,AM Peak,0:03,0:55,4.007333185
2022,5/13/22,17:46:52,279008 I15 SB; MM 279 I15 SB                                ,PI Crash,1,5,17.71666667,48.25,,6,3,9534,700.65,14219.09,PM Peak,,1:20,4.382026635
2022,5/15/22,15:57:09,2700 S I15 NB                                               ,PD Crash,1,1,14.08333333,36.85,,6,2,7600,467.38,9515.37,PM Peak,0:56,1:35,4.553876892
2022,5/15/22,14:47:42,14600 S I15 NB                                              ,PI Crash,3,5,23.91666667,189.9666667,,6,3,14542,4471.19,,Afternoon Off Peak,0:01,3:20,5.298317367
2022,5/17/22,16:34:07,7000 S I15 NB,PD Crash,1,2,7.083333333,11.88333333,,5,2,3687,136.7,2828.06,PM Peak,0:19,0:35,3.555348061
2022,5/17/22,15:01:06,9500 S I15 NB                                               ,PI Crash,1,3,7.1,63.9,,7,1,8686,517.46,,Afternoon Off Peak,5:05,6:10,9.106090351
2022,5/17/22,8:37:51,270007 I15 SB; MM 270 I15 SB,PD Crash,1,4,20.8,84.15,,6,1,6915,39.16,696.05,AM Peak,,1:25,4.442651256
2022,5/17/22,8:03:27,8300 S I15 NB,PI Crash,2,2,2.066666667,85.55,,6,2,13221,1294.69,23393.7,AM Peak,0:11,1:40,4.605170186
2022,5/18/22,16:16:18,700 S I215W SB                                              ,PI Crash,1,2,9,21.55,,3,2,3863,351.62,7293.07,PM Peak,0:11,0:50,3.912023005
2022,5/19/22,16:15:22,6800 S I15 NB                                               ,PI Crash,2,4,14.98333333,96.63333333,,5,2,16403,1474.64,32552.88,PM Peak,0:13,1:50,4.700480366
2022,5/20/22,15:54:03,756 W I215S EB; MM 12 I215S EB                              ,PD Crash,1,2,23.36666667,26.95,,4,2,4964,357.85,7657.02,PM Peak,0:29,0:55,4.007333185
2022,5/20/22,15:18:06,7762 E I80 EB; MM 134 I80 EB                                ,PI Crash,1,2,17,118.9,,3,2,5311,860.28,,Afternoon Off Peak,0:13,2:15,4.905274778
2022,5/20/22,13:37:00,2500 S I15 SB                                               ,PI Crash,1,3,17.2,62.43333333,,4,2,8082,375.24,,Afternoon Off Peak,0:00,1:10,4.248495242
2022,5/20/22,11:56:52,3300 S I15 NB                                               ,PI Crash,3,11,4.766666667,108.9,,6,3,11490,756.11,,Afternoon Off Peak,,1:50,4.700480366
2022,5/21/22,13:13:08,267998 I15 NB; MM 268 I15 NB                                ,PI Crash,1,2,8.766666667,39.86666667,,5,1,5742,214.44,,Afternoon Off Peak,0:42,1:25,4.442651256
2022,5/24/22,17:40:28,4500 S I215W SB,PD Crash,1,1,8.25,11.53333333,,5,1,1859,3.8,82.86,PM Peak,0:03,0:15,2.708050201
2022,5/24/22,13:38:42,2336 N I15 NB; MM 312 I15 NB                                ,PI Crash,3,4,15.38333333,19.3,,4,3,5501,155.82,,Afternoon Off Peak,0:47,1:10,4.248495242
2022,5/24/22,8:01:33,15100 S I15 NB                                              ,PI Crash,2,1,0.016666667,85.45,,6,2,9745,1509.74,22205.57,AM Peak,0:28,2:00,4.787491743
2022,5/25/22,17:43:47,3300 S I15 NB                                               ,PI Crash,2,3,5.95,46.21666667,,6,1,7646,362.98,7611.77,PM Peak,0:10,1:00,4.094344562
2022,5/25/22,16:26:39,175 W I215S WB; MM 11 I215S WB                              ,PI Crash,2,4,15.86666667,65.35,,3,3,5666,947.55,20189.27,PM Peak,0:23,1:35,4.553876892
2022,5/25/22,16:18:55,263929 I15 SB; MM 264 I15 SB                                ,PI Crash,3,2,8.066666667,32.08333333,,5,1,4104,317.29,6108.21,PM Peak,,0:35,3.555348061
2022,5/26/22,16:13:08,7900 S I15 SB                                               ,PI Crash,3,3,,70.13333333,,7,1,22390,2020.95,37237.04,PM Peak,1:31,2:50,5.135798437
2022,5/26/22,14:12:40,700 N I15 NB                                                ,PI Crash,2,4,6.466666667,72.33333333,,4,3,17448,1096.38,,Afternoon Off Peak,1:55,3:05,5.220355825
2022,5/26/22,7:21:49,700 S I15 SB,PI Crash,1,3,9.45,27.18333333,,5,2,7638,267.06,5086.33,AM Peak,0:31,1:00,4.094344562
2022,5/27/22,14:33:01,15572 S I15 SB; MM 287 I15 SB                               ,PI Crash,2,3,12.4,36.98333333,,7,3,22346,5665.1,,Afternoon Off Peak,2:20,3:00,5.192956851
2022,5/28/22,18:52:17,9400 S I15 NB                                               ,PD Crash,1,1,7.883333333,8.716666667,,7,2,2028,0.37,,Night Off Peak,0:04,0:15,2.708050201
2022,5/28/22,17:08:31,600 N I15 NB                                                ,PD Crash,1,2,8.366666667,10.48333333,,5,2,3606,71.87,1513.89,PM Peak,0:56,1:05,4.17438727
2022,5/29/22,12:24:22,9559 E I80 EB; MM 137 I80 EB                                ,PI Crash,1,5,16.45,59.06666667,,4,3,1792,193.95,,Afternoon Off Peak,,1:05,4.17438727
2022,6/1/22,16:25:01,5000 S I15 SB        ,PD Crash,2,3,6.55,22.98333333,,5,2,3969,289.51,5774.71,PM Peak,0:02,0:25,3.218875825
2022,6/2/22,8:04:01,3500 S I215W NB,PI Crash,2,4,9.75,74.98333333,,5,3,4408,230.75,4193.08,AM Peak,,1:00,4.094344562
2022,6/2/22,9:53:12,16395 S I15 NB; MM 286 I15 NB     ,PI Crash,1,3,6.683333333,79.8,,6,3,7853,648.83,,Afternoon Off Peak,0:07,1:30,4.49980967
2022,6/2/22,15:23:21,285054 I15 SB; MM 285 I15 SB      ,PI Crash,2,2,22.7,36.65,,6,2,8894,1132.58,,Afternoon Off Peak,0:15,0:55,4.007333185
2022,6/2/22,15:54:31,284059 I15 NB; MM 284 I15 NB        ,PD Crash,1,2,13,13.48333333,,6,2,5639,187.39,4105.82,PM Peak,0:27,0:45,3.80666249
2022,6/2/22,16:52:41,15400 S I15 NB,PD Crash,1,3,,9.316666667,,6,1,4796,94.73,2064.45,PM Peak,0:23,0:35,3.555348061
2022,6/3/22,7:52:47,273995 I15 SB; MM 274 I15 SB,PI Crash,1,3,10.45,21.21666667,,6,1,2055,5.47,103.95,AM Peak,,0:15,2.708050201
2022,6/4/22,14:26:43,3000 S I15 SB,PI Crash,1,2,28.46666667,43.28333333,,6,4,4085,397.44,,Afternoon Off Peak,0:05,0:50,3.912023005
2022,6/5/22,15:18:07,7200 S I15 SB,Fatal,2,8,6.533333333,164.8833333,,5,3,8836,1935.73,,Afternoon Off Peak,0:07,2:55,5.164785974
2022,6/7/22,7:43:31,11878 S I15 NB; MM 292 I15 NB,PD Crash,3,2,14.13333333,55.48333333,,6,2,10395,1327.06,24372.11,AM Peak,0:26,1:25,4.442651256
2022,6/7/22,12:15:17,600 N I15 NB,PI Crash,3,8,0.116666667,131.7166667,,5,1,11259,170.61,,Afternoon Off Peak,0:08,2:20,4.941642423
2022,6/8/22,17:34:28,277006 I15 SB; MM 277 I15 SB,PI Crash,2,2,13.86666667,13.53333333,,6,2,5518,273.81,5497.24,PM Peak,,1:25,4.442651256
2022,6/10/22,6:47:08,1300 S I215W NB,PD Crash,1,5,18.63333333,121.3,,4,1,9946,117.26,2252.21,AM Peak,,2:00,4.787491743
2022,6/12/22,13:50:16,266977 I15 SB; MM 267 I15 SB,PI Crash,1,5,25.8,29.73333333,,6,2,2127,20.78,,Afternoon Off Peak,0:05,0:35,3.555348061
2022,6/13/22,12:16:44,9540 E I80 WB; MM 137 I80 WB,PI Crash,2,2,32.66666667,55.26666667,,3,1,2106,73.9,,Afternoon Off Peak,0:03,1:00,4.094344562
2022,6/13/22,12:59:58,279008 I15 SB; MM 279 I15 SB,PI Crash,1,2,0.05,57.03333333,,6,2,4218,257.97,,Afternoon Off Peak,,0:55,4.007333185
2022,6/13/22,15:25:26,700 S I15 SB ,PI Crash,3,4,13.13333333,23.9,,5,1,3624,111.78,,Afternoon Off Peak,0:13,0:45,3.80666249
2022,6/14/22,12:51:59,266981 I15 NB; MM 267 I15 NB,PI Crash,1,4,43.7,45.01666667,,5,2,4585,149.89,,Afternoon Off Peak,0:23,1:10,4.248495242
2022,6/14/22,18:11:21,281930 I15 NB; MM 282 I15 NB,PI Crash,1,4,29.23333333,36.65,,6,4,7339,541.43,11837.59,PM Peak,0:32,1:10,4.248495242
2022,6/15/22,7:59:18,264995 I15 NB; MM 265 I15 NB,PD Crash,2,4,3.366666667,66.7,,5,2,7023,277.46,4826.92,AM Peak,0:09,1:20,4.382026635
2022,6/15/22,13:13:09,282986 I15 SB; MM 283 I15 SB,PI Crash,1,2,15.38333333,31.85,,6,1,3503,3.36,,Afternoon Off Peak,,0:30,3.401197382
2022,6/15/22,18:24:14,14094 S I15 SB; MM 289 I15 SB,PI Crash,1,3,11.03333333,70.76666667,,6,2,8472,745.13,15186.53,PM Peak,,1:15,4.317488114
2022,6/15/22,7:39:11,3542 S I15 NB; MM 303 I15 NB,PI Crash,1,3,15.9,55.81666667,,6,1,7879,395.79,6815.06,AM Peak,0:10,0:55,4.007333185
2022,6/16/22,17:15:02,1300 S I15 NB,PD Crash,1,3,25.91666667,38.08333333,,5,1,8875,425.3,9268.57,PM Peak,0:28,1:10,4.248495242
2022,6/16/22,19:05:53,274985 I15 SB; MM 275 I15 SB,PI Crash,1,2,10.88333333,17.11666667,,6,1,2001,0.59,,Night Off Peak,0:02,0:20,2.995732274
2022,6/20/22,13:14:36,8000 S I15 SB                                               ,PI Crash,1,2,21.2,25.4,,7,2,6606,153.88,,Afternoon Off Peak,0:30,0:55,4.007333185
2022,6/22/22,17:23:03,272003 I15 SB; MM 272 I15 SB                                ,PI Crash,2,1,5.533333333,19.73333333,,6,1,3728,87.55,1655,PM Peak,,0:25,3.218875825
2022,6/24/22,19:31:16,6000 S I15 NB                                               ,PI Crash,2,3,17.68333333,58.73333333,,6,3,5102,290.24,,Night Off Peak,0:05,1:05,4.17438727
2022,6/24/22,16:34:45,2400 S I15 NB                                               ,PI Crash,2,3,15.2,63.21666667,,4,2,9173,519.58,11127.78,PM Peak,,1:15,4.317488114
2022,6/24/22,15:48:49,277023 I15 NB; MM 277 I15 NB                                ,PI Crash,2,3,11.05,78.18333333,,6,1,9014,1697.74,,Afternoon Off Peak,0:03,1:25,4.442651256
2022,6/27/22,17:20:41,279008 I15 SB; MM 279 I15 SB                                ,PD Crash,1,3,,13.36666667,,6,2,4086,507.52,10090.16,PM Peak,0:52,1:15,4.317488114
2022,6/27/22,14:08:57,284049 I15 SB; MM 284 I15 SB                                ,PI Crash,1,4,25.28333333,142.05,,6,5,23581,6139.31,,Afternoon Off Peak,0:04,2:30,5.010635294
2022,6/28/22,17:52:04,5605 S I15 NB; MM 300 I15 NB                                ,PD Crash,1,2,16.7,70.56666667,,5,2,8949,551.83,11896.32,PM Peak,0:06,1:20,4.382026635
2022,6/28/22,16:42:13,6800 S I15 NB,PD Crash,1,4,4.566666667,10.78333333,,5,3,7143,282.55,5745.78,PM Peak,1:02,1:15,4.317488114
2022,6/28/22,9:56:07,900 W I215S EB                                              ,PI Crash,3,12,4.433333333,103.8833333,,4,1,3328,439.57,,Afternoon Off Peak,0:05,1:50,4.700480366
2022,6/29/22,13:45:08,277006 I15 SB; MM 277 I15 SB                                ,PI Crash,2,4,8.533333333,59.66666667,,6,2,7225,456.61,,Afternoon Off Peak,0:13,1:15,4.317488114
2022,7/1/22,7:17:11,4700 S I15 SB,PI Crash,1,4,26.55,80.81666667,,6,2,6272,139.25,2588.27,AM Peak,,1:05,4.17438727
2022,7/1/22,15:44:24,5925 S I15 SB,PI Crash,1,3,7.133333333,64.6,,7,4,4173,166.12,,Afternoon Off Peak,,0:40,3.688879454
2022,7/1/22,17:30:42,278101 I15 NB; MM 278 I15 NB                                ,PD Crash,2,2,5.183333333,9.3,,6,3,3263,180.15,4002.25,PM Peak,0:05,0:20,2.995732274
2022,7/2/22,21:31:59,1366 W I215S EB; MM 13 I215S EB                             ,PI Crash,1,2,11.50000001,19.01666667,,4,3,2103,5.65,133.13,Night Off Peak,0:59,1:20,4.382026635
2022,7/4/22,11:52:29,280003 I15 NB; MM 280 I15 NB                                ,PD Crash,3,6,13.4,127.5166667,,6,2,9893,379.02,,Afternoon Off Peak,0:05,2:05,4.828313737
2022,7/7/22,10:01:16,400 S I15 SB,PI Crash,2,3,7.066666667,25.73333333,,5,1,1996,51.18,,Afternoon Off Peak,0:03,0:30,3.401197382
2022,7/7/22,15:33:42,9559 E I80 EB; MM 134 I80 EB                                ,PI Crash,2,3,37.41666667,64.3,,3,2,5308,1288.67,,Afternoon Off Peak,1:12,2:15,4.905274778
2022,7/7/22,15:49:57,1500 E I80 EB,PI Crash,1,2,8.75,11.65,,3,1,1792,25.18,,Afternoon Off Peak,0:23,0:35,3.555348061
2022,7/7/22,22:57:41,285054 I15 NB; MM 285 I15 NB                                ,Fatal,2,15,32.51666667,206.3166667,,6,6,1588,147.3,,Night Off Peak,,1:55,4.744932128
2022,7/11/22,16:57:05,271005 I15 SB; MM 271 I15 SB,PD Crash,1,4,23.56666667,43.91666667,,6,1,8381,190.93,3696.37,PM Peak,0:09,0:55,4.007333185
2022,7/11/22,15:46:16,600 E I80 WB,PD Crash,1,2,9.95,21.73333333,,4,1,5473,12.27,,Afternoon Off Peak,0:52,1:15,4.317488114
2022,7/12/22,8:42:59,5300 S I15 NB,PD Crash,1,4,22.36666667,30.01666667,,5,2,3446,206.64,3770.54,AM Peak,0:07,0:40,3.688879454
2022,7/12/22,8:40:38,14931 S I15 NB; MM 288 I15 NB,PI Crash,2,3,20.61666667,33.36666667,,6,4,3529,815.66,14318.88,AM Peak,0:06,0:40,3.688879454
2022,7/13/22,20:03:14,4000 S I215W SB,PI Crash,1,2,23.81666667,36.83333333,,5,1,1432,4.55,105.02,Night Off Peak,,0:35,3.555348061
2022,7/13/22,19:22:24,14182 S I15 NB; MM 289 I15 NB,PI Crash,2,4,5.433333333,72.65,,5,1,3003,37.4,,Night Off Peak,,0:30,3.401197382
2022,7/13/22,17:28:58,4835 E I80 WB; MM 130 I80 WB,PI Crash,1,2,13.63333333,22.65,,2,1,3702,258.41,5143.51,PM Peak,0:26,1:10,4.248495242
2022,7/13/22,14:53:43,264991 I15 SB; MM 265 I15 SB,PI Crash,1,2,15.06666667,26.28333333,,6,1,1294,10.13,,Afternoon Off Peak,,0:10,2.302585093
2022,7/13/22,22:54:46,11400 S I15 NB,PI Crash,1,2,26.61666667,60.7,,7,1,1201,0.57,,Night Off Peak,,0:40,3.688879454
2022,7/15/22,18:20:52,275940 I15 SB; MM 276 I15 SB,PI Crash,1,5,23.45,56.13333333,,6,1,4417,230.75,4602.65,PM Peak,,0:45,3.80666249
2022,7/15/22,9:40:38,281917 I15 SB; MM 282 I15 SB,Fatal,1,8,14.71666667,200.3666667,,5,2,11805,4.9,,Afternoon Off Peak,,2:50,5.135798437
2022,7/18/22,9:48:18,285054 I15 NB; MM 285 I15 NB,PI Crash,1,2,8.283333333,24.7,,6,1,2238,8.73,,Afternoon Off Peak,0:02,0:20,2.995732274
2022,7/18/22,10:17:45,500 N I15 SB,PD Crash,1,2,16.75,57.25,,4,1,3496,94.9,,Afternoon Off Peak,0:10,0:55,4.007333185
2022,7/20/22,19:13:50,5900 S I15 SB,PI Crash,1,4,10.58333333,16.16666667,,6,1,1201,2.27,,Night Off Peak,0:05,0:10,2.302585093
2022,7/20/22,18:24:28,7200 S I15 SB,PI Crash,1,4,,52.53333333,,6,2,5448,483.48,9076.45,PM Peak,0:08,1:05,4.17438727
2022,7/20/22,10:57:25,273003 I15 NB; MM 273 I15 NB,PI Crash,2,4,4.666666667,43.58333333,,6,2,4165,167.29,,Afternoon Off Peak,0:09,0:55,4.007333185
2022,7/21/22,21:16:41,281008 I15 NB; MM 281 I15 NB,PI Crash,2,5,0.066666667,84.31666667,,6,5,2720,433.29,,Night Off Peak,0:04,1:30,4.49980967
2022,7/21/22,16:47:43,3600 S I15 NB,PI Crash,1,3,8.683333333,26.28333333,,6,1,5078,156.96,3125.43,PM Peak,0:11,0:40,3.688879454
2022,7/23/22,14:47:30,400 S I15 SB; MM 305 I15 SB,PI Crash,1,2,22.16666667,31.9,,4,1,7097,15.12,,Afternoon Off Peak,,1:45,4.65396035
2022,7/23/22,7:00:40,279008 I15 SB; MM 279 I15 SB,PI Crash,1,4,51.75,59.68333333,,6,2,4911,12.12,226.54,AM Peak,0:00,1:35,4.553876892
2022,7/24/22,18:29:51,6400 S I15 NB,PD Crash,1,5,27.71666667,45.15,,5,2,2489,157.02,3447.78,PM Peak,0:00,0:50,3.912023005
2022,7/25/22,13:59:07,10000 S I15 SB,PI Crash,2,5,1.833333333,16.88333333,,7,3,9953,412.09,,Afternoon Off Peak,0:59,1:20,4.382026635
2022,7/26/22,19:51:31,271005 I15 SB; MM 271 I15 SB,PI Crash,1,4,5.933333333,19.48333333,,6,2,1116,1.47,,Night Off Peak,,0:15,2.708050201
2022,7/26/22,16:56:03,2100 S I15 NB,PI Crash,1,6,11.56666667,100.95,,4,4,12292,1099.39,22563.37,PM Peak,0:13,2:00,4.787491743
2022,7/26/22,11:13:11,1895 E I80 EB; MM 126 I80 EB,PD Crash,1,2,30.53333333,38.81666667,,3,1,3039,53.11,,Afternoon Off Peak,0:48,1:30,4.49980967
2022,7/27/22,19:39:49,1400 S I15 NB,PI Crash,2,5,9.816666667,50.18333333,,5,1,2712,45.82,,Night Off Peak,,0:45,3.80666249
2022,7/27/22,16:30:19,259970 I15 SB; MM 260 I15 SB,PI Crash,2,5,21.38333333,51.68333333,,5,2,9327,806.28,15486.81,PM Peak,0:33,1:30,4.49980967
2022,7/27/22,8:49:44,7000 S I15 SB,PI Crash,1,4,19.58333333,112.2666667,,5,1,8716,467.22,8197.54,AM Peak,,1:50,4.700480366
2022,7/28/22,7:48:56,6800 S I15 NB      ,PD Crash,1,2,12.96666667,6.066666667,,5,2,12963,249.36,4387.36,AM Peak,1:10,1:20,4.382026635
2022,7/29/22,22:36:05,5805 E I80 EB; MM 131 I80 EB  ,PI Crash,3,6,8.083333333,68.91666667,,2,2,871,75.7,1488.84,Night Off Peak,0:10,1:15,4.317488114
2022,7/29/22,16:09:12,5200 S I15 SB,PI Crash,1,3,9.083333333,55.13333333,,7,1,7179,143.79,2843.11,PM Peak,,1:05,4.17438727
2022,7/29/22,18:43:21,9540 E I80 WB; MM 137 I80 WB                                ,PI Crash,2,8,17.13333333,205.65,,3,3,6678,500.94,10936.27,Night Off Peak,0:11,3:40,5.393627546
2022,8/1/22,10:41:19,4892 E I80 EB; MM 130 I80 EB                                ,PD Crash,1,7,15.03333333,58.68333333,,2,2,2114,273.38,,Afternoon Off Peak,,1:00,4.094344562
2022,8/2/22,17:28:18,2100 S I15 NB                                               ,PI Crash,1,3,7.716666667,56.7,,4,2,7020,142.11,3130.42,PM Peak,0:00,0:55,4.007333185
2022,8/3/22,17:24:00,5000 S I15 NB,PI Crash,1,2,10.46666667,20,,6,1,5947,199.35,4156.98,PM Peak,0:31,0:55,4.007333185
2022,8/8/22,8:33:44,6900 S I15 NB                                               ,PI Crash,2,4,13.48333333,66.26666667,,6,4,8548,1657.13,28664.97,AM Peak,0:05,1:15,4.317488114
2022,8/9/22,20:53:46,261972 I15 SB; MM 262 I15 SB                                ,PI Crash,1,3,9.616666667,29.23333333,,5,3,1773,30.56,,Night Off Peak,0:07,0:35,3.555348061
2022,8/11/22,13:36:43,12200 S I15 SB                                              ,PI Crash,1,2,12.38333333,61.3,,6,1,9910,626.08,,Afternoon Off Peak,,1:05,4.17438727
2022,8/16/22,8:49:52,1767 N I15 SB; MM 311 I15 SB                                ,PI Crash,1,2,10.43333333,18.13333333,,4,1,3301,61.8,1151.27,AM Peak,0:07,0:30,3.401197382
2022,8/16/22,16:07:57,271005 I15 NB; MM 271 I15 NB                                ,PI Crash,1,2,15.96666667,31.05,,6,3,5780,220.57,4604.66,PM Peak,0:26,1:00,4.094344562
2022,8/16/22,16:47:32,1767 S I215W SB; MM 20 I215W SB,PI Crash,1,3,10.2,73.45,,5,1,5465,96.65,2089.91,PM Peak,,1:00,4.094344562
2022,8/19/22,7:48:33,281930 I15 NB; MM 282 I15 NB                                ,PI Crash,1,2,11.71666667,30.45,,7,3,3895,189.81,3223.29,AM Peak,0:16,0:45,3.80666249
2022,8/19/22,14:18:57,277006 I15 SB; MM 277 I15 SB                                ,PI Crash,2,4,6.766666667,66.1,,6,3,29669,2389.84,,Afternoon Off Peak,3:29,4:35,5.616771098
2022,8/19/22,22:34:42,100 N I215W NB                                              ,PD Crash,1,3,9.733333333,130.3,,3,2,3076,5,111.2,Night Off Peak,0:10,2:25,4.976733742
2022,8/22/22,8:36:28,1500 S I15 NB                                               ,PD Crash,1,2,6.5,72.53333333,,5,1,7513,165.11,2412.15,AM Peak,0:01,1:20,4.382026635
2022,8/22/22,16:01:38,255017 I15 SB; MM 255 I15 SB                                ,PD Crash,1,5,19.85,90.38333333,,6,2,11059,1778.88,34593.42,PM Peak,0:12,1:45,4.65396035
2022,8/23/22,16:45:28,2961 S I15 NB; MM 304 I15 NB,PD Crash,1,3,7.6,5.533333333,,4,2,2281,125.76,2743.65,PM Peak,0:09,0:15,2.708050201
2022,8/23/22,17:33:05,271005 I15 SB; MM 271 I15 SB                                ,PD Crash,1,2,17.48333333,22.91666667,,6,1,4558,82.82,1673.56,PM Peak,0:09,0:35,3.555348061
2022,8/24/22,16:16:14,900 N I15 NB                                                ,PD Crash,1,3,12.31666667,50.76666667,,4,2,15805,852.03,18408.07,PM Peak,1:13,2:05,4.828313737
2022,8/24/22,18:05:47,278066 I15 SB; MM 278 I15 SB                                ,PD Crash,2,4,5.866666667,13.21666667,,7,2,3999,122.66,2443.97,PM Peak,0:16,0:35,3.555348061
2022,8/25/22,9:08:23,1300 S I215W NB                                             ,PD Crash,1,2,15.95,24.61666667,,4,2,1384,58.62,1069.98,AM Peak,0:02,0:25,3.218875825
2022,8/25/22,15:40:57,273001 I15 SB; MM 273 I15 SB                                ,PD Crash,1,4,11.73333333,19.05,,6,1,4387,892.21,,Afternoon Off Peak,0:10,0:30,3.401197382
2022,8/25/22,17:39:33,1800 S I15 NB                                               ,PD Crash,1,2,9.766666667,13.45,,4,2,7074,116.17,2550.81,PM Peak,0:42,0:55,4.007333185
2022,8/26/22,18:17:47,5300 S I15 NB,PD Crash,2,3,10.25,7.216666667,,5,2,9857,526.76,11900.74,PM Peak,1:25,1:35,4.553876892
2022,8/26/22,17:24:20,4924 S I15 NB; MM 301 I15 NB,PD Crash,2,3,9.383333333,13.66666667,,6,2,2579,221.02,4873.85,PM Peak,0:07,0:25,3.218875825
2022,8/26/22,8:40:14,2961 S I15 NB; MM 304 I15 NB,PI Crash,2,2,14.1,88.76666667,,6,2,10657,743.26,13709.11,AM Peak,0:06,1:35,4.553876892
2022,8/26/22,15:34:41,277006 I15 SB; MM 277 I15 SB                                ,PD Crash,1,5,10.21666667,28.75,,6,2,23557,1313.72,,Afternoon Off Peak,2:45,3:20,5.298317367
2022,8/27/22,15:47:55,275940 I15 SB; MM 276 I15 SB,PD Crash,1,2,9.283333333,17.08333333,,6,3,4355,177.6,,Afternoon Off Peak,0:20,0:40,3.688879454
2022,8/29/22,13:58:59,7200 S I15 NB,PD Crash,2,3,,58.41666667,,6,1,7025,26.9,,Afternoon Off Peak,,1:00,4.094344562
2022,8/29/22,12:53:10,6900 S I15 SB,PI Crash,3,3,16.28333333,22.83333333,,7,2,6851,122.95,,Afternoon Off Peak,0:44,1:10,4.248495242
2022,8/30/22,17:56:46,15300 S I15 NB,PI Crash,2,3,26.23333333,53.68333333,,6,2,8202,498.43,10487.33,PM Peak,0:02,1:20,4.382026635
2022,8/31/22,17:41:34,3600 S I15 NB,PD Crash,2,2,8.55,27.43333333,,6,3,4924,158.22,3555.96,PM Peak,0:11,0:40,3.688879454